id,title,product,transcript,date
736bfdc0-c163-48e1-84f4-f3a314bd6dae,チャット記録：サーモジャケット プロの問題,サーモジャケット プロ,"[10:15] お客様：こんにちは、最近サーモジャケット プロを購入したのですが、縫い目に沿って裂け目があることに気づきました。製造上の欠陥のようです。対応していただけますか？
[10:16] サポート担当者：こんにちは。サーモジャケット プロの問題について、大変申し訳ございません。必ずお手伝いさせていただきます。注文番号を教えていただけますか？
[10:17] お客様：はい、注文番号は123456789です。
[10:18] サポート担当者：情報をありがとうございます！より良いサポートのため、裂け目の写真を送っていただけますか？最善の対応を判断するのに役立ちます。
[10:19] お客様：はい、写真を用意しています。[写真をアップロード]
[10:20] サポート担当者：写真をありがとうございます！おっしゃる裂け目が確認できます。これは製造上の欠陥のように見えます。ご不便をおかけして申し訳ございません。
[10:21] サポート担当者：次のステップとして、交換用のジャケットをお送りするか、破損したジャケットの検査を手配するかのいずれかをご提案できます。どちらをご希望されますか？
[10:22] お客様：交換をお願いします。
[10:23] サポート担当者：良い選択です！処理を進めさせていただきます。交換品の配送先住所を確認させていただけますか？
[10:24] お客様：はい、東京都東京市東京区1-1-1です。
[10:25] サポート担当者：住所の確認をありがとうございます。交換用のジャケットの処理を進めます。3～5営業日以内に発送されます。
[10:26] サポート担当者：まもなく追跡情報を含む確認メールが届きます。本日、他にお手伝いできることはございますか？
[10:27] お客様：いいえ。ご対応ありがとうございました。
[10:28] サポート担当者：どういたしまして！お役に立てて嬉しいです。今後ご質問がございましたら、お気軽にお問い合わせください。良い一日を！",2025-07-06
6ed5dde3-b314-47bb-941e-283e80dbdeeb,サーモジャケット プロの問題に関するチャット記録,サーモジャケット プロ,"[10:01] お客様：こんにちは、サーモジャケット プロについて助けが必要です。縫い目に沿って裂け目があり、私が原因ではないので、製造上の欠陥だと思います。
[10:02] 担当者：こんにちは！サーモジャケット プロでそのような問題が発生して、大変申し訳ございません。喜んでお手伝いさせていただきます。注文番号を教えていただけますか？
[10:03] お客様：はい！注文番号は223456です。
[10:04] 担当者：ありがとうございます。今、注文詳細を確認いたします。少々お待ちください。
[10:06] 担当者：お待たせしました！2023年3月15日にサーモジャケット プロをご購入いただいたことを確認しました。裂け目の場所を説明していただけますか？可能であれば、写真も送っていただけますか？
[10:07] お客様：裂け目は左袖の縫い目にあり、長さは約5センチです。今すぐ写真を送ります。
[10:08] 担当者：ありがとうございます。写真をアップロードしてください。
[10:09] お客様：（写真をアップロード）
[10:10] 担当者：写真を受け取りました。ありがとうございます。お客様が説明されている問題が確認できます。ご迷惑をおかけし申し訳ございません。縫い目の問題のようですので、交換または検査の対象になると思います。交換用のジャケットをご希望されますか、それとも詳しく検査しますか？
[10:12] お客様：可能であれば、交換を希望します。
[10:13] 担当者：承知しました。交換品をお送りする手配をいたします。配送先住所を確認させていただけますか？
[10:14] お客様：はい、埼玉県埼玉中央市埼玉中央1-1-1です。
[10:15] 担当者：了解しました。すぐに交換処理を開始します。まもなく確認メールが届き、新しいジャケットは2～3営業日以内に発送されます。本日、他にお手伝いできることはございますか？
[10:16] お客様：いいえ、以上です。ご対応ありがとうございました。
[10:17] 担当者：どういたしまして。お役に立てて嬉しいです。今後ご質問がございましたら、遠慮なくお問い合わせください。",2025-05-30
c654ae95-caa4-4cfb-9965-0811ee81f6cd,チャット完了応答,サーモジャケット プロ,"[09:15] お客様：こんにちは、サーモジャケット プロについて助けが必要です。突然、縫い目に沿って裂け目ができました。
[09:15] 担当者：こんにちは！サーモジャケット プロに裂け目ができたとのこと、申し訳ございません。お手伝いさせていただきます。注文番号を教えていただけますか？
[09:16] お客様：はい、注文番号は323456です。
[09:16] 担当者：ありがとうございます！注文詳細を確認いたします。[一時停止] はい、注文を確認しました。ジャケットはいつご購入されましたか？
[09:17] お客様：約4ヶ月前に購入しました。
[09:17] 担当者：情報をありがとうございます。製造上の欠陥の可能性がありますね。裂け目の写真を送っていただけますか？
[09:18] お客様：はい、できます。[写真をアップロード] これが裂け目の写真です。
[09:19] 担当者：送っていただきありがとうございます。縫い目に沿った裂け目が確認できます。ご不便をおかけして本当に申し訳ございません。交換用のジャケットをお送りするか、ご希望であれば検査の手配をすることができます。
[09:20] お客様：可能であれば交換を希望します。
[09:20] 担当者：承知しました。今すぐ交換処理をいたします。新しいジャケットの配送先住所を確認させていただけますか？
[09:21] お客様：はい、神奈川県神奈川市神奈川中央1-1-1です。
[09:21] 担当者：了解しました！その住所に交換用のジャケットを発送いたします。5～7営業日以内に到着する予定です。本日、他にお手伝いできることはございますか？
[09:22] お客様：いいえ、以上です。ご対応ありがとうございました！
[09:22] 担当者：ご確認ありがとうございます。お役に立てて嬉しいです。今後ご質問がございましたら、遠慮なくお問い合わせください",2025-07-26
95dfe81c-2ca0-4ae1-85b5-47f6a3cf6894,サーモジャケット プロの問題に関するチャット記録,サーモジャケット プロ,"[12:30] お客様：こんにちは、最近お店でサーモジャケット プロを購入したのですが、縫い目に沿って裂け目があることに気づきました。突然できたものです。
[12:31] 担当者：こんにちは！サーモジャケット プロに裂け目ができたとのこと、大変申し訳ございません。必ずお手伝いさせていただきます。注文番号を教えていただけますか？
[12:32] お客様：はい、423456789です。
[12:33] 担当者：ありがとうございます！注文詳細を確認いたします。
[12:35] 担当者：約2ヶ月前にジャケットをご購入いただいたことを確認しました。裂け目の写真を共有していただけますか？
[12:36] お客様：はい、写真を送ります。こちらです。
[12:37] 担当者：素晴らしい、写真を確認しました。共有していただきありがとうございます。裂け目は製造上の欠陥のようです。ご不便をおかけして申し訳ございません。
[12:38] お客様：ご理解いただきありがとうございます。次のステップは何ですか？
[12:39] 担当者：ジャケットの交換をご提案するか、ご希望であればさらに詳しく検査することもできます。どちらがよろしいでしょうか？
[12:40] お客様：交換をお願いします。
[12:41] 担当者：承知しました！交換処理を開始いたします。配送先住所を確認させていただけますか？
[12:42] お客様：はい、北海道北海道市北海道1-2-3です。
[12:43] 担当者：ありがとうございます。まもなく確認メールが届き、交換用のジャケットは3～5営業日以内に発送されます。本日、他にお手伝いできることはございますか？
[12:44] お客様：いいえ、以上です。ご対応ありがとうございました！
[12:45] 担当者：この度はご迷惑をおかけし申し訳ございません。お役に立てて嬉しいです。ご質問がございましたら、お気軽にお問い合わせください。",2025-07-15
de7f7f90-ff8a-4ffc-9f7d-d06856656b2e,サーモジャケット プロの問題に関するチャット記録,サーモジャケット プロ,"[09:15] お客様：こんにちは、最近サーモジャケット プロを購入したのですが、縫い目に沿って裂け目があることに気づきました。予期しないことで、製造上の欠陥ではないかと心配しています。
[09:16] 担当者：こんにちは！サーモジャケット プロの問題について、大変申し訳ございません。必ずお手伝いさせていただきます。注文番号を教えていただけますか？
[09:17] お客様：はい、注文番号は55456789です。
[09:18] 担当者：ありがとうございます。注文詳細を確認いたします...[一時停止] はい、10月1日にご注文いただいたことを確認しました。問題をより理解するために、裂け目の写真を送っていただけますか？
[09:19] お客様：はい、できます！[写真を送信]
[09:20] 担当者：写真を共有していただきありがとうございます。おっしゃる裂け目が確認でき、ご心配される理由も理解できます。これは製造上の欠陥のように見えます。
[09:21] お客様：やはりそうでしたか。次のステップは何ですか？
[09:22] 担当者：もちろんお手伝いさせていただきます。2つの選択肢がございます。ジャケットを交換するか、ご希望であればさらに詳しく検査の手配をすることができます。どちらをご希望されますか？
[09:23] お客様：交換が最善だと思います。
[09:24] 担当者：かしこまりました。交換処理を開始いたします。正しい場所に届くよう、配送先住所を確認させていただけますか？
[09:25] お客様：はい、元の注文と同じです。大阪府大阪市おおさか1-2-3です。
[09:26] 担当者：ありがとうございます。交換注文を処理しました。まもなく確認メールが届きます。新しいジャケットは3～5営業日以内に発送されます。
[09:27] お客様：ご対応ありがとうございました！感謝いたします。
[09:28] 担当者：とんでもございません。この度はご迷惑をおかけし申し訳ございません。お役に立てて嬉しいです。ご質問や懸念事項がございましたら、お気軽にお問い合わせください。",2025-06-05
8acb4002-f7c2-4f22-9c93-8aa2ec232107,ウルトラランナー シューズに関する問い合わせのチャット記録,ウルトラランナー シューズ,"[09:15] お客様：こんにちは！最近、サイトからウルトラランナーシューズを購入したのですが、簡単な質問があります。
[09:15] サポート担当者：こんにちは！SnowAttireにお問い合わせいただきありがとうございます。ウルトラランナーシューズについてのご質問に喜んでお答えします。何をお知りになりたいですか？
[09:16] お客様：つま先の部分が少しきついように感じます。これは普通ですか、それともサイズアップを検討すべきですか？
[09:17] サポート担当者：ウルトラランナー シューズは最適なパフォーマンスのためにぴったりとフィットするよう設計されていますが、不快なほどきつくあるべきではありません。ランニング中に履く予定の靴下で試着されましたか？
[09:18] お客様：はい、試しました。いつものランニングソックスを履きましたが、それでも少し窮屈に感じます。
[09:19] サポート担当者：わかりました。フィット感は個人の好みによって異なることがあります。きつすぎると感じられる場合は、ハーフサイズ上を試されることをお勧めします。交換手続きのお手伝いをしましょうか？
[09:20] お客様：はい、お願いします。どうすればよいですか？
[09:21] サポート担当者：ご案内いたします。まず、ウェブサイトの返品ページにアクセスしてください。確認メールに記載されている注文番号が必要になります。返品手続きを開始すると、送料前払いの配送ラベルをお送りします。
[09:22] お客様：わかりました。すぐに手続きします。交換の処理には通常どのくらいかかりますか？
[09:23] サポート担当者：返品されたシューズを受け取った後、交換は通常3～5営業日以内に処理されます。その後すぐに新しいサイズを発送いたします。発送されましたら、追跡詳細を含む確認メールが届きます。
[09:24] お客様：それは良いですね！ご対応ありがとうございました。本当に感謝しています。
[09:25] サポート担当者：とんでもございません。他にご質問やサポートが必要な場合は、お気軽にお問い合わせください。新しいシューズで楽しいランニングをお過ごしください。
[09:26] お客様：ありがとうございます！
[09:26] サポート担当者：お問い合わせいただきありがとうございました。",2025-08-06
17bb1a6d-19db-4e7e-a2ba-388af1024a0a,サーモジャケットプロに関するカスタマーサポートとのチャット,サーモジャケットプロ,"[09:15] お客様：こんにちは！サーモジャケットプロについて質問があります。お手伝いいただけますか？
[09:15] 担当者：こんにちは。もちろん、サーモジャケットプロについて喜んでお手伝いさせていただきます。何をお知りになりたいですか？
[09:16] お客様：最近購入したのですが、洗濯方法がよくわかりません。説明していただけますか？
[09:16] 担当者：もちろんです！サーモジャケットプロは洗濯機で洗えます。冷水でやさしいサイクルで洗い、マイルドな洗剤を使用することをお勧めします。漂白剤や柔軟剤は避けてください。他に詳細が必要ですか？
[09:17] お客様：助かります！ジャケットにほつれた糸がいくつかあることにも気づきました。これは普通ですか？
[09:17] 担当者：特に最初の着用後、ほつれた糸が数本見られることは珍しくありません。ただし、過度に見える場合は、さらにサポートさせていただきます。写真を送っていただけますか？
[09:18] お客様：はい、今送ります。[お客様が写真をアップロード]
[09:19] 担当者：ありがとうございます！写真を確認しました。おっしゃるほつれた糸が見えます。軽微な問題のようですので、解決できます。交換または返金をご希望されますか？
[09:20] お客様：可能であれば交換を希望します。
[09:20] 担当者：承知しました。処理させていただきます。注文番号を確認させていただけますか？
[09:21] お客様：はい、#663456です。
[09:21] 担当者：ありがとうございます。注文を確認しました。すぐに交換を開始します。まもなく確認メールが届きます。他にお手伝いできることはございますか？
[09:22] お客様：いいえ、以上です！ご対応ありがとうございました。
[09:22] 担当者：とんでもございません。SnowAttireをお選びいただきありがとうございます。今後ご質問がございましたら、お気軽にお問い合わせください。それでは失礼いたします。",2025-08-10
47e90fa2-502f-4ba3-873a-26cd8bebf4e1,ハイドラボトル 2Lに関する問い合わせのチャット記録,ハイドラボトル 2L,"[10:15] お客様：こんにちは！ハイドラボトル 2Lについて質問があります。お手伝いいただけますか？
[10:15] サポート担当者：こんにちは。もちろん、ハイドラボトル 2Lに関するお問い合わせに喜んでお答えします。何をお知りになりたいですか？
[10:16] お客様：最近購入したのですが、いっぱいまで水を入れると少し漏れることに気づきました。これは普通ですか？
[10:17] サポート担当者：漏れが発生しているとのこと、申し訳ございません。適切に密閉されていれば、ハイドラボトルが漏れることは通常ありません。蓋が正しく締まっているか確認されましたか？
[10:18] お客様：はい、できるだけきつく締めましたが、それでも上部の周りから少し漏れるようです。
[10:19] サポート担当者：確認していただきありがとうございます。製造上の欠陥の可能性があります。交換または返品のお手伝いをさせていただけます。どうされたいですか？
[10:20] お客様：交換をお願いします。
[10:21] サポート担当者：承知しました。手配させていただきます。注文番号を教えていただけますか？
[10:22] お客様：はい、773456です。
[10:23] サポート担当者：ありがとうございます。注文を確認しました。今すぐハイドラボトル 2Lの交換を処理します。3～5営業日以内に発送される予定です。まもなく確認メールが届きます。
[10:24] お客様：それは良いですね。ご対応ありがとうございました！
[10:25] サポート担当者：とんでもございません。他にご質問やサポートが必要な場合は、お気軽にお問い合わせください。
[10:25] お客様：ありがとうございます！",2025-07-29
9158639e-ca6c-4f4b-ba70-dd30b5d0c638,サーモジャケットプロの問題に関するチャット記録,サーモジャケットプロ,"[12:00] お客様：こんにちは、最近サーモジャケットプロを購入したのですが、縫い目に沿って裂け目があることに気づきました。突然現れました。
[12:01] 担当者：こんにちは。サーモジャケットプロでこのような問題が発生して、大変申し訳ございません。注文番号を教えていただけますか？
[12:02] お客様：はい、883456789です。
[12:03] 担当者：ありがとうございます。注文詳細を確認いたします... はい、約3週間前にご購入いただいたことを確認しました。
[12:04] お客様：はい、その通りです。これが起こるまで、ジャケットが本当に気に入っていました。
[12:05] 担当者：がっかりされるお気持ちは理解できます。製品がお客様の期待に応えることは、私たちにとって重要です。裂け目の写真を送っていただけますか？問題を評価するのに役立ちます。
[12:06] お客様：はい、今すぐ送ります。
[12:07] 担当者：送信されたらお知らせください。
[12:09] お客様：写真をアップロードしました。
[12:10] 担当者：写真を確認しました。ありがとうございます。製造上の欠陥のように見えます。ご不便をおかけして申し訳ございません。
[12:11] お客様：問題ありません。次のステップは何ですか？
[12:12] 担当者：交換用のジャケットをお送りするか、ご希望であれば検査のために送っていただき修理することもできます。どちらをご希望されますか？
[12:13] お客様：可能であれば交換を希望します。
[12:14] 担当者：承知しました。手配させていただきます。今すぐ交換を処理します。まもなく確認メールが届きます。
[12:15] お客様：ありがとうございます。到着までどのくらいかかりますか？
[12:16] 担当者：交換品は通常3～5営業日以内に発送されます。発送されましたら、追跡情報が届きます。
[12:17] お客様：完璧です。ご対応ありがとうございました。
[12:18] 担当者：どういたしまして。その間、他にご質問がございましたら、お気軽にお問い合わせください。
[12:19] お客様：ありがとうございます。",2025-07-29
d447bbaa-3a39-479d-965c-a2d6f6d0ed58,チャット記録 - サーモジャケット プロに関する問い合わせ,サーモジャケット プロ,"[10:05] お客様：こんにちは！最近サーモジャケット プロを購入したのですが、いくつか質問があります。
[10:06] 担当者：こんにちは！サーモジャケット プロについて喜んでお手伝いさせていただきます。何をお知りになりたいですか？
[10:07] お客様：着用すると肩の周りが少しきつく感じます。これは普通ですか？
[10:08] 担当者：特にサイズの間にいらっしゃるお客様の場合、ぴったりしたフィット感を感じることは珍しくありません。どのサイズをご注文されましたか？
[10:09] お客様：ミディアムを注文しましたが、他のブランドでは通常ラージを着ています。
[10:10] 担当者：情報を共有していただきありがとうございます。サーモジャケット プロはよりフィットしたシルエットに設計されています。通常ラージを着用されるのであれば、そのサイズの方が快適かもしれません。大きいサイズに交換されますか？
[10:11] お客様：はい、それが最善だと思います。どのように交換すればよいですか？
[10:12] 担当者：お手伝いさせていただきます！注文番号を教えていただければ、交換処理を開始します。
[10:13] お客様：はい、注文番号は456789です。
[10:14] 担当者：ありがとうございます！今すぐ交換を処理しています。まもなく返品手順が記載されたメールが届きます。
[10:15] お客様：素晴らしい！交換には通常どのくらいかかりますか？
[10:16] 担当者：ジャケットを受け取った後、交換の処理と新しいサイズの発送には通常5～7営業日かかります。
[10:17] お客様：それは良いですね。ご対応ありがとうございました！
[10:18] 担当者：どういたしまして！他にご質問やサポートが必要な場合は、お気軽にお問い合わせください。良い一日を！",2025-08-11
7bd05a97-38b8-4b79-883a-2fd1b0e0cfd4,SnowAttireカスタマーサポートとのチャット,パワーヨガマット,"[09:05] お客様：こんにちは、最近パワーヨガマットを購入したのですが、簡単な質問があります。
[09:06] 担当者：こんにちは。喜んでお手伝いさせていただきます。パワーヨガマットについて何をお知りになりたいですか？
[09:07] お客様：最初に開封したとき、マットに少し匂いがあることに気づきました。これは普通ですか？
[09:08] 担当者：はい、製造に使用される素材のため、新しいヨガマットに少し匂いがあることはよくあります。通常、数回使用するか、適切に換気すると消えます。
[09:09] お客様：説明ありがとうございます！匂いが消えるまで通常どのくらいかかりますか？
[09:10] 担当者：通常、数日以内に匂いは大幅に減少するはずです。換気の良い場所に置いておくことをお勧めします。また、湿った布とマイルドな石鹸で拭くことで、匂いをより早く取り除くことができます。
[09:11] お客様：試してみます。マットのケアについて他に何かすべきことはありますか？
[09:12] 担当者：パワーヨガ マットを良い状態に保つために、長時間直射日光にさらさないようにし、ヨガマット用に設計された優しいクリーナーで定期的に清掃してください。また、シワを避けるために巻いて保管してください。
[09:13] お客様：ご対応ありがとうございました。マットについて安心しました。
[09:14] 担当者：どういたしまして。今後ご質問がございましたら、お気軽にお問い合わせください。ヨガの練習を楽しんでください！
[09:15] お客様：そうします。ありがとうございました。
[09:15] 担当者：とんでもございません。また不明点がありましたらご連絡ください",2025-06-08
cb0e837c-64ea-4ff5-b9e2-dd72cd4d1491,ハイドラボトル 2Lに関する問い合わせのチャット記録,ハイドラボトル 2L,"[12:15] お客様：ハイドラボトル 2Lについて簡単な質問があります。お手伝いいただけますか？
[12:15] 担当者：こんにちは。もちろん、喜んでお手伝いさせていただきます。ハイドラボトル 2Lについて何をお知りになりたいですか？
[12:16] お客様：たった今届いたのですが、蓋が適切に密閉されないようです。これは普通ですか？
[12:16] 担当者：蓋に問題が発生しているとのこと、申し訳ございません。蓋が適切に密閉されないのは正常ではありません。問題と思われることを説明していただけますか？緩いのか、まったく合わないのか？
[12:17] お客様：きつく締まらない感じです。蓋とボトルの間に隙間が見えます。
[12:18] 担当者：詳細をありがとうございます！製造上の欠陥のようです。ご希望であれば、交換の手配をお手伝いできます。
[12:19] お客様：はい、交換をお願いします。何をする必要がありますか？
[12:19] 担当者：お手伝いさせていただきます。注文番号とご購入に関連付けられたメールアドレスを教えていただけますか？
[12:20] お客様：はい！注文番号は993456で、メールアドレスはcustomer@example.comです。
[12:21] 担当者：ありがとうございます。今すぐ交換を処理します。まもなく確認メールが届きます。新しいボトルの到着には5～7営業日かかります。
[12:22] お客様：素晴らしい、ご対応ありがとうございました！他に何かする必要がありますか？
[12:22] 担当者：いいえ、以上で準備完了です。その間、他にご質問や懸念事項がございましたら、お気軽にお問い合わせください。
[12:23] お客様：ありがとうございます！",2025-05-18
ebcbb1a9-464e-40ca-9939-e13cb5b1b495,ウルトラランナー シューズに関する問い合わせのチャット記録,ウルトラランナー シューズ,"[09:15] お客様：こんにちは！先週購入したウルトラランナーシューズについて質問があります。
[09:15] 担当者：こんにちは、喜んでお手伝いさせていただきます。ウルトラランナーシューズについて何をお知りになりたいですか？
[09:16] お客様：片方のシューズがもう片方よりも少しきつく感じます。これは普通ですか？
[09:17] 担当者：シューズにわずかな違いがあることは珍しくありませんが、両方のシューズが快適に感じられるべきです。靴紐を調整したり、別の靴下を使用したりしてみましたか？
[09:18] お客様：靴紐の調整は試しましたが、それでもかなりきついです。フィット感が心配です。
[09:19] 担当者：ご心配は理解できます。シューズが適切にフィットすることは重要です。ご注文されたサイズを確認させていただけますか？
[09:19] お客様：サイズ10を注文しました。いつも履いているサイズです。
[09:20] 担当者：情報をありがとうございます。スタイルによってサイズが異なることがあります。別のサイズへの交換、または別のスタイルをお試しになりたいですか？
[09:21] お客様：サイズ10.5に交換して、それがよりフィットするか試してみたいと思います。
[09:22] 担当者：承知しました。お手伝いさせていただきます。交換処理を開始します。注文番号を教えていただけますか？
[09:23] お客様：はい！#2123456です。
[09:24] 担当者：ありがとうございます。今すぐ交換を処理しています。まもなく、元のペアの返品手順と新しい発送の詳細が記載された確認メールが届きます。
[09:25] お客様：ご対応ありがとうございました！
[09:25] 担当者：とんでもございません。他にご質問がございましたら、お気軽にお尋ねください。",2025-06-06
0b1d7435-d11a-486a-a335-2b384f90e3b5,チャット完了応答,ハイドラボトル 2L,"[12:05] お客様：こんにちは！最近ハイドラボトル 2Lを購入したのですが、簡単な質問があります。
[12:06] サポート担当者：こんにちは。ハイドラボトルに関するお問い合わせに喜んでお答えします。何をお知りになりたいですか？
[12:07] お客様：蓋がきつく閉まらないようです。これは普通ですか？
[12:08] サポート担当者：お知らせいただきありがとうございます。蓋は漏れを防ぐためにしっかりと閉まるべきです。所定の位置にロックするのに問題がありますか？
[12:09] お客様：はい、適切にカチッと音がしない感じです。いっぱいにしたときに漏れるのではないかと心配しています。
[12:10] サポート担当者：ご心配は理解できます。いくつか試してみましょう。まず、ボトルの縁や蓋の周りに障害物がないか確認していただけますか？
[12:11] お客様：確認しましたが、きれいに見えます。障害物はありません。
[12:12] サポート担当者：承知しました。ゴムガスケットがずれていることがあります。蓋を外して、ガスケットが適切にセットされているか確認していただけますか？
[12:13] お客様：少しずれているように見えます。今調整します。
[12:14] サポート担当者：時間をかけて調整してください。ガスケットの調整が蓋をしっかり固定するのに役立つかどうか教えてください。
[12:15] お客様：調整したところ、今はカチッと音がしています。ずっとしっかりした感じです！
[12:16] サポート担当者：よかったです。他に問題がございましたら、お気軽にお問い合わせください。必要に応じて交換のお手伝いもできます。
[12:17] お客様：ご対応ありがとうございました！本当に感謝しています。
[12:18] サポート担当者：どういたしまして。ハイドラボトルをお楽しみください。他にご質問がございましたら、いつでもお問い合わせください。この度はお問い合わせいただきありがとうございます。",2025-07-07
169c1416-a290-48c8-beb5-becf342daea8,パワーヨガ マットのサポートチャット記録,パワーヨガ マット,"[10:05] お客様：こんにちは！先月購入したパワーヨガ マットについて質問があります。お手伝いいただけますか？
[10:06] サポート担当者：こんにちは。もちろん、パワーヨガ マットに関するお問い合わせに喜んでお答えします。何をお知りになりたいですか？
[10:07] お客様：セッション中にグリップ力が落ちてきたことに気づきました。これは普通ですか？
[10:08] サポート担当者：グリップに問題が発生しているとのこと、申し訳ございません。マットは優れたトラクションを提供するように設計されていますが、湿気などの特定の要因がパフォーマンスに影響を与える可能性があります。何か製品を使用されていますか？
[10:09] お客様：いいえ、製品は使用していませんが、ワークアウト中にたくさん汗をかきます。
[10:10] サポート担当者：それが要因かもしれません。グリップを維持するために、マットを優しい石鹸と水の溶液で定期的に清掃することをお勧めします。清掃方法のアドバイスをご希望ですか？
[10:11] お客様：はい、教えてほしいです。
[10:12] サポート担当者：もちろんです。温水に少量のマイルドな石鹸を混ぜてください。柔らかい布を使ってマットを拭き、きれいな水ですすいでください。再度使用する前に、完全に自然乾燥させてください。
[10:13] お客様：わかりました！試してみます。でも改善しなかったらどうすればよいですか？
[10:14] サポート担当者：清掃後もグリップが改善しない場合は、お知らせください。ご希望に応じて、交換または返品のオプションについて話し合うことができます。
[10:15] お客様：ありがとうございます！試してみて、まだ問題がある場合は連絡します。
[10:16] サポート担当者：どういたしまして.お役に立てれば幸いです。他にご質問やサポートが必要な場合は、いつでもお気軽にお問い合わせください。お問い合わせいただきありがとうございました。
[10:17] お客様：ありがとうございました",2025-05-17
6153c408-0806-4d24-884f-871b752a1838,チャット記録 - パワーヨガ マットに関する問い合わせ,パワーヨガ マット,"[09:00] お客様：こんにちは。数週間前に購入したパワーヨガ マットについて質問があります。
[09:01] 担当者：こんにちは。SnowAttireにお問い合わせいただきありがとうございます。パワーヨガ マットに関するお問い合わせに喜んでお答えします。何か問題がございますか？
[09:02] お客様：セッション中にマットがグリップ力を失い始めていることに気づきました。滑り止めのはずだと思っていたのですが。
[09:03] 担当者：マットでグリップの問題が発生しているとのこと、申し訳ございません。確認させていただきたいのですが、何か洗剤を使用されましたか、または湿気にさらされましたか？
[09:04] お客様：洗剤は使用していませんが、先週のセッション中に少し濡れました。
[09:05] 担当者：情報をありがとうございます。湿気がヨガマットのグリップに影響を与えることがあります。マットを完全に乾燥させてから、再度試してみることをお勧めします。問題が解決しない場合は、交換を検討できます。
[09:06] お客様：わかりました。試してみて、改善するか確認します。
[09:07] 担当者：確認お願いします。乾燥させた後もグリップが改善しない場合は、お気軽にお問い合わせください。
[09:08] お客様：ご対応ありがとうございました！感謝いたします。
[09:09] 担当者：とんでもありません。ヨガセッションをお楽しみください。他にご質問がございましたら、遠慮なくお問い合わせください。お問い合わせいただきありがとうございました。",2025-08-11
2513b614-bbd4-4135-83fe-de07f11e5561,チャット記録 - サーモジャケットプロの問題,サーモジャケットプロ,"[10:02] お客様：こんにちは、数ヶ月前にサーモジャケットプロを購入したのですが、縫い目に沿って裂け目があることに気づきました。製造上の欠陥のようです。
[10:03] 担当者：こんにちは。サーモジャケットプロで問題が発生しているとのこと、大変申し訳ございません。喜んでお手伝いさせていただきます。注文番号を教えていただけますか？
[10:04] お客様：はい、注文番号は3133456789です。
[10:05] 担当者：ありがとうございます。注文詳細を確認します。ジャケットをいつご購入されたか教えていただけますか？
[10:06] お客様：2023年7月15日に購入しました。
[10:07] 担当者：注文を確認しました。ご不便をおかけして申し訳ございません。裂け目の写真を送っていただけますか？状況をよりよく評価するのに役立ちます。
[10:08] お客様：はい、今送ります。[写真をアップロード]
[10:09] 担当者：写真をありがとうございます。おっしゃる裂け目が確認でき、製造上の欠陥のように見えることに同意します。このようなことが起こって本当に申し訳ございません。
[10:10] お客様：問題ありません。どうすればよいですか？
[10:11] 担当者：いくつかの選択肢がございます。ジャケットを交換するか、ご希望であれば検査のために送っていただくこともできます。どうされたいですか？
[10:12] お客様：交換したいです。
[10:13] 担当者：承知しました。お手伝いさせていただきます。交換処理を開始します。新しいジャケットの配送先住所を確認させていただけますか？
[10:14] お客様：はい、福岡県福岡市ふっくおか1-2-3です。
[10:15] 担当者：ありがとうございます。その住所に交換用のサーモジャケットプロが発送されます。まもなく確認メールが届きます。本日、他にお手伝いできることはございますか？
[10:16] お客様：いいえ、以上です。ご対応ありがとうございました！
[10:17] 担当者：お役に立てて嬉しいです。今後ご質問がございましたら、お気軽にお問い合わせください。お問い合わせいただきありがとうございました。",2025-06-14
9bf42d9f-07db-4435-a13a-6e877212a47a,サーモジャケットプロの問題に関するチャット記録,サーモジャケットプロ,"[09:12] お客様：こんにちは、最近サーモジャケットプロを購入したのですが、縫い目に沿って裂け目があることに気づきました。最初から裂け目があるのはありえません。
[09:12] 担当者：こんにちは。サーモジャケットプロで問題が発生していると聞いて申し訳ございません。ご不満なこと理解いたします。注文番号を教えていただけますか？
[09:13] お客様：はい、注文番号は4413456です。
[09:13] 担当者：情報をありがとうございます。注文詳細を確認いたします。少々お待ちください...
[09:15] 担当者：ご注文は8月15日に行われ、ジャケットは8月17日に発送されたことを確認しました。裂け目について説明していただけますか？袖の縫い目ですか、それとも本体の縫い目ですか？
[09:16] お客様：本体の縫い目に沿って、約8センチの長さです。数回しか着ていないので本当にがっかりしています。
[09:16] 担当者：がっかりされるお気持ちは理解できます。これは製造上の欠陥である可能性があります。裂け目の写真を送っていただけますか？状況をよりよく評価するのに役立ちます。
[09:17] お客様：はい、今写真を添付します。
[09:18] 担当者：写真を受け取りました。ありがとうございます。縫い目の問題のようです。ご不便をおかけして申し訳ございません。
[09:19] 担当者：次のステップとして、追加費用なしで交換用のジャケットをご提供するか、ご希望であれば、修理が可能かどうかを判断するために検査の手配をすることができます。どちらのオプションをご希望されますか？
[09:20] お客様：交換が最善だと思います。
[09:20] 担当者：良い選択です。交換を処理します。配送先住所を確認させていただけますか？
[09:21] お客様：はい、愛知県名古屋市名古屋区なごや1-1-1です。
[09:21] 担当者：確認していただきありがとうございます。交換注文を進めます。まもなく確認メールが届きます。2～3営業日以内に発送されます。
[09:22] お客様：ご対応ありがとうございました！
[09:22] 担当者：とんでもございません。他にご質問やサポートが必要な場合は、お気軽にお問い合わせください。お問い合わせいただきありがとうございました。",2025-06-22
7a4b5d4b-6db9-4da0-ae63-6b345b18ba4c,サーモジャケットプロに関する問い合わせのチャット記録,サーモジャケットプロ,"[09:00] お客様：こんにちは！最近サーモジャケットプロを購入したのですが、簡単な質問があります。
[09:00] 担当者：こんにちはサーモジャケットプロに関するご質問に喜んでお答えします。何についてお手伝いが必要ですか？
[09:01] お客様：着用すると肩の周りが少しきつく感じます。これは普通ですか？
[09:02] 担当者：ご心配はわかります。サーモジャケットプロは断熱性を高めるためにぴったりとフィットするように設計されていますが、不快に感じるべきではありません。どのサイズをご購入されましたか？
[09:03] お客様：ミディアムを購入しました。他のブランドでは通常ミディアムを着ていますが、これは少し窮屈に感じます。
[09:04] 担当者：情報をありがとうございます。ブランド間でフィット感が若干異なる可能性があります。ご希望であれば、大きいサイズへのサイズ交換をお手伝いできます。
[09:05] お客様：それは良いアイデアかもしれません。どうやって交換すればよいですか？
[09:06] 担当者：お手伝いさせていただきます！注文番号を教えていただければ、返品ラベルを作成します。
[09:07] お客様：注文番号は552456です。
[09:08] 担当者：ありがとうございます。注文を見つけました。まもなく、返品ラベルとジャケットを返送する手順が記載されたメールをお送りします。受け取りましたら、大きいサイズを発送できます。
[09:09] お客様：ご対応ありがとうございました。
[09:10] 担当者：とんでもございません。他にご質問やサポートが必要な場合は、お気軽にお問い合わせください。お問い合わせいただきありがとうございました。",2025-05-17
3e367c2e-a1a5-4fdc-8513-fc84b05917b9,サーモジャケットプロの問題に関するチャット記録,サーモジャケットプロ,"[09:15] お客様：こんにちは、最近サーモジャケットプロを購入したのですが、縫い目に沿って裂け目があることに気づきました。突然起こったようです。
[09:16] 担当者：こんにちは。サーモジャケットプロで問題が発生しているとのこと、大変申し訳ございません。さらに詳しく調査できるよう、注文番号を教えていただけますか？
[09:17] お客様：はい、注文番号は663456789です。
[09:18] 担当者：ありがとうございます！注文詳細を確認いたします... はい、注文を確認しました。ジャケットはいつ受け取られましたか？
[09:19] お客様：約3週間前に受け取りました。
[09:20] 担当者：情報をありがとうございます。確認させていただきたいのですが、裂け目の場所を説明していただけますか？前の縫い目、後ろの縫い目、それとも他の場所ですか？
[09:21] お客様：後ろの縫い目にあり、かなり目立ちます。
[09:22] 担当者：わかりました。ご不満なことと思います。裂け目の写真を送っていただけますか？状況をよりよく評価するのに役立ちます。
[09:23] お客様：はい、できます。少々お待ちください。
[09:24] お客様：[写真をアップロード] これが裂け目の写真です。
[09:25] 担当者：写真を共有していただきありがとうございます！裂け目を確認し、製造上の欠陥のように見えます。ご不便をおかけして本当に申し訳ございません。
[09:26] お客様：ご理解いただきありがとうございます。次のステップは何ですか？
[09:27] 担当者：サーモジャケットプロの交換を確実にご提供できます。それで進めてよろしいですか？
[09:28] お客様：はい、それは素晴らしいです。
[09:29] 担当者：完璧です！交換処理を開始します。まもなく確認メールが届きます。さらに、不良ジャケットの送料前払いの返品ラベルをご提供します。元のパッケージに入れてください。
[09:30] お客様：良いですね！ご対応ありがとうございました。
[09:31] 担当者：どういたしまして！ご不便をおかけして改めてお詫び申し上げます。ご理解いただきありがとうございます。他にご質問がございましたら、お気軽にお問い合わせください。お問い合わせいただきありがとうございました。
[09:32] お客様：ありがとうございます",2025-07-18
1b3c8f95-0a3b-4cd4-bfef-cfb7d1453630,サーモジャケットプロの問題に関するチャット記録,サーモジャケットプロ,"[10:15] お客様：こんにちは、最近サーモジャケットプロを購入したのですが、縫い目に沿って裂け目があることに気づきました。これは製造上の欠陥だと確信しています。お手伝いいただけますか？
[10:16] 担当者：こんにちは。サーモジャケットプロで問題が発生しているとのこと、大変申し訳ございません。イライラされることと思います。お客様のために調査できるよう、注文番号を教えていただけますか？
[10:17] お客様：はい、注文番号は774456789です。
[10:18] 担当者：情報をありがとうございます！今すぐ注文詳細を確認いたします。
[10:19] 担当者：10月1日にジャケットをご購入いただいたことを確認しました。裂け目の写真を提供していただけますか？問題をよりよく評価するのに役立ちます。
[10:20] お客様：はい、できます。*写真を送信* これが裂け目の画像です。
[10:21] 担当者：写真を送っていただきありがとうございます。縫い目に沿った裂け目がはっきりと見えます。これは製造上の欠陥のように見えます。ご不便をおかけして申し訳ございません。
[10:22] 担当者：お客様には2つの選択肢がございます。交換用のジャケットをお送りするか、ご希望であれば、さらに検査して修理が可能かどうかを確認することもできます。どちらのオプションをご希望されますか？
[10:23] お客様：交換をお願いします。
[10:24] 担当者：承知しました。すぐに交換を手配いたします。配送先住所を確認させていただけますか？
[10:25] お客様：はい、富山県とやま市とやま1-1-1です。
[10:26] 担当者：素晴らしい！住所をメモしました。交換用のサーモジャケットプロは3～5営業日以内にお届けします。まもなく確認メールが届きます。
[10:27] 担当者：本日、他にお手伝いできることはございますか？
[10:28] お客様：いいえ、以上です。ご対応ありがとうございました！
[10:29] 担当者：とんでもございません。お問い合わせいただきありがとうございました。",2025-07-14
b18e3268-ffc4-40f7-be9f-27011b4f553d,チャット完了応答,ハイドラボトル 2L,"08:15 - お客様：こんにちは！ハイドラボトル 2Lについて簡単な質問があります。お手伝いいただけますか？
08:15 - 担当者：こんにちは。ハイドラボトル 2Lに関するご質問に喜んでお答えします。何についてお手伝いが必要ですか？
08:16 - お客様：昨日届いたばかりなのですが、蓋が適切に締まらないようです。これは普通ですか？
08:17 - 担当者：蓋に問題があるとのこと、申し訳ございません。蓋が緩いのは正常ではありません。時計回りに回して締めてみましたか？
08:18 - お客様：はい、試しましたが、それでもしっかり固定されていない感じです。
08:19 - 担当者：確認していただきありがとうございます。不良の蓋のようです。ご希望であれば、交換をお手伝いできます。それでよろしいですか？
08:20 - お客様：何をする必要がありますか？
08:21 - 担当者：交換を処理するために注文番号が必要です。提供していただけますか？
08:22 - お客様：はい、注文番号は8835345です。
08:23 - 担当者：ありがとうございます。今すぐ蓋の交換を処理しています。まもなく確認メールが届き、約3～5営業日で到着する予定です。
08:24 - お客様：ご対応ありがとうございました！
08:25 - 担当者：とんでもございません。今後、他にご質問や問題がございましたら、お気軽にお問い合わせください。お問い合わせいただきありがとうございました。
08:25 - お客様：ありがとうございます",2025-06-05
56759f47-8887-4495-b97d-029d5f45ea1e,サーモジャケットプロに関するカスタマーサポートとのチャット,サーモジャケットプロ,"[09:00] お客様：こんにちは！最近サーモジャケットプロを購入したのですが、いくつか質問があります。
[09:01] サポート：こんにちは。サーモジャケットプロについて喜んでお手伝いさせていただきます。どのようなご質問がございますか？
[09:02] お客様：ジャケットが予想よりも少しきつく感じます。特に肩の周りです。これは普通ですか？
[09:03] サポート：特に断熱材のため、最初はフィット感がぴったりしていると感じることは珍しくありません。ただし、快適で動きやすいはずです。内側のドローストリングでフィットを調整してみましたか？
[09:05] お客様：まだ試していません。今やってみます。
[09:06] サポート：お手数ですがお願いします。それが役立つかどうか、またはフィット感がまだ問題であるかを教えてください。
[09:07] お客様：はい、ドローストリングを調整したところ、少し良くなりました。でもまだ少し窮屈に感じます。
[09:09] サポート：わかりました。サイズ選びは難しいことがあります。どのサイズをご注文されましたか？
[09:10] お客様：ミディアムを注文しましたが、ラージにすべきだったのではないかと思っています。
[09:12] サポート：サイズについて迷われている場合は、サイズチャートを確認して、ミディアムサイズと測定値が一致するかどうかを確認することをお勧めします。ラージの方が快適だと感じる場合は、交換を手配できます。
[09:14] お客様：測定値を確認します。交換することにした場合、手続きはどのようになりますか？
[09:15] サポート：交換をご希望の場合は、お知らせいただければ、送料前払いの返品ラベルをご提供します。ミディアムのジャケットを受け取りましたら、すぐにラージサイズを発送できます。
[09:17] お客様：そうですね。測定値を確認してから、また連絡します。ご対応ありがとうございました！
[09:18] サポート：他にご質問がございましたら、遠慮なくお問い合わせください。私たちはお手伝いするためにここにいます。
[09:19] お客様：そうします！ありがとうございます。
[09:20] サポート：お問い合わせいただきありがとうございました。",2025-06-17
df67efc9-7480-480b-89c5-4fbc5715f6fc,チャットサポート記録,サイクロン ヘルメット,"[10:15] お客様：こんにちは！最近、サイトからサイクロン ヘルメットを購入したのですが、それについて質問があります。
[10:15] サポート：こんにちは。SnowAttireにお問い合わせいただきありがとうございます。サイクロン ヘルメットについて喜んでお手伝いさせていただきます。ご質問は何ですか？
[10:16] お客様：ヘルメットの内側のパッド部分の1つが緩んでいるようです。これを修正する方法はありますか？
[10:17] サポート：ヘルメットに問題が発生しているとのこと、申し訳ございません。パッドはしっかりと取り付けられているべきです。元の位置に優しく押し戻してみることができます。ご案内しましょうか？
[10:18] お客様：はい、お願いします！どうすればよいですか？
[10:19] サポート：まず、ヘルメットが清潔で乾いていることを確認してください。次に、パッドが緩んでいる場所を見つけます。自然に戻らない場合は、少量の布用接着剤を使用できます。少量を塗り、数秒間しっかりと押さえてください。
[10:20] お客様：試してみます！うまくいかなかったらどうすればよいですか？
[10:21] サポート：パッドが付着しない、またはまだ問題がある場合は、お知らせください。必要に応じて、交換または返品を手配できます。
[10:22] お客様：良いですね！試してみて、どうなるか教えます。ご対応ありがとうございました！
[10:22] サポート：どういたしまして！お手伝いするためにここにいます。他に何か必要なことがございましたら、お問い合わせください。お問い合わせいただきありがとうございました。
[10:23] お客様：ありがとうございました。さようなら",2025-07-30
50025637-fc0f-41cb-aa02-3c1bfdeb97ed,チャット記録：パワーヨガ マットに関する問い合わせ,パワーヨガ マット,"[09:00] お客様：こんにちは！先月購入したパワーヨガ マットについて質問があります。
[09:01] 担当者：こんにちは、もちろん、喜んでお手伝いさせていただきます。パワーヨガ マットについて何をお知りになりたいですか？
[09:02] お客様：数回使用しただけでグリップ力が落ち始めたことに気づきました。これは普通ですか？
[09:03] 担当者：この問題が発生しているとのこと、申し訳ございません。パワーヨガ マットは、定期的に使用してもグリップを維持するように設計されています。使用方法と清掃方法について詳しく教えていただけますか？
[09:04] お客様：はい、通常、使用後に湿った布で拭くだけですが、ホットヨガのクラスでも数回使用しました。
[09:05] 担当者：情報をありがとうございます。ホットヨガはマットの素材に影響を与えることがあります。ヨガマット専用の優しい、非研磨性のクリーナーを使用することをお勧めします。特定の洗剤製品を試されましたか？
[09:06] お客様：いいえ、特別なものは使用していません。水と布だけです。
[09:07] 担当者：なるほど。グリップを回復させるために、マットスプレーまたは水と酢の混合物を使用して清掃することをお勧めします。製品をお勧めしましょうか？
[09:08] お客様：はい、お願いします。それは素晴らしいです。
[09:09] 担当者：完璧です。ウェブサイトでヨガマットクリーナーが利用可能です。ご購入を決定された場合は、10%割引コードもご利用いただけます。リンクをお送りしましょうか？
[09:10] お客様：はい、それは助かります。ありがとうございます！
[09:11] 担当者：こちらがクリーナーへのリンクです：[リンク]。クリーナーを試した後も問題が解決しない場合は、遠慮なくお問い合わせください。
[09:12] お客様：ご対応ありがとうございました。感謝いたします。
[09:13] 担当者：どういたしまして。ヨガセッションをお楽しみください。",2025-07-12
311ddca1-ba50-4705-8856-0043b6473560,ハイドラボトル 2Lに関するSnowAttireサポートとのチャット,ハイドラボトル 2L,"[12:15] お客様：こんにちは、最近ハイドラボトル 2Lを購入したのですが、それについて質問があります。
[12:15] 担当者：こんにちは。SnowAttireにお問い合わせいただきありがとうございます。ハイドラボトル 2Lについて喜んでお手伝いさせていただきます。ご質問は何ですか？
[12:16] お客様：いっぱいまで水を入れると、わずかに漏れるようです。これは普通ですか？
[12:16] 担当者：漏れが発生しているとのこと、申し訳ございません。適切に密閉されていれば、ハイドラボトルが漏れることは通常ありません。蓋がしっかりと固定されているか確認していただけますか？
[12:17] お客様：はい、しっかりと締めたことを確認しましたが、それでも底から少し漏れます。
[12:17] 担当者：確認していただきありがとうございます。蓋が固定されていて、まだ漏れている場合は、製造上の欠陥の可能性があります。蓋の内側のシリコンシールを確認して、所定の位置にあり、破損していないことを確認することをお勧めします。
[12:18] お客様：確認しましたが、シールは問題ないようです。次に何をすべきですか？
[12:19] 担当者：シールは問題ないがまだ問題が発生している場合、交換をお手伝いできます。それでよろしいですか？
[12:19] お客様：はい、それは素晴らしいです！交換はどうすればよいですか？
[12:20] 担当者：お手伝いさせていただきます！注文番号とご購入に使用されたメールアドレスを教えていただけますか？
[12:21] お客様：はい！注文番号は898456で、メールアドレスはcustomer@example.comです。
[12:21] 担当者：ありがとうございます！今すぐ交換を処理します。まもなく確認メールが届き、新しいボトルは3～5営業日以内に発送されます。
[12:22] お客様：素晴らしい、ご対応ありがとうございました！
[12:22] 担当者：どういたしまして！他にご質問やサポートが必要な場合は、お気軽にお問い合わせください。
[12:23] お客様：ありがとうございました",2025-06-06
0725d687-f29b-4dfb-a930-840bad6e563f,サイクロン ヘルメットに関するお客様とのチャット,サイクロン ヘルメット,"[12:15] お客様：こんにちは！最近SnowAttireからサイクロン ヘルメットを購入したのですが、それについて簡単な質問があります。
[12:15] 担当者：こんにちは。サイクロン ヘルメットに関するご質問に喜んでお答えします。何をお知りになりたいですか？
[12:16] お客様：開封したとき、バイザーに小さな傷があることに気づきました。これは普通ですか？
[12:16] 担当者：そのようなことがあったとのこと、申し訳ございません！バイザーは配達時に傷がないはずです。さらにお手伝いできるよう、注文番号を教えていただけますか？
[12:17] お客様：はい、#792456です。
[12:18] 担当者：ありがとうございます！注文詳細を簡単に確認いたします...
[12:19] 担当者：7月1日にサイクロン ヘルメットをご注文いただいたことを確認しました。破損した製品を受け取られたため、バイザーを交換するか、ヘルメット全体の完全な交換をご提供できます。どのように進めたいですか？
[12:20] お客様：交換用のヘルメットを希望します。
[12:20] 担当者：承知しました。すぐに交換用ヘルメットを手配いたします。まもなく確認メールが届きます。
[12:21] お客様：ありがとうございました！到着までどのくらいかかりますか？
[12:21] 担当者：交換用ヘルメットは5～7営業日以内に到着する予定です。発送されましたら、追跡番号が届きます。
[12:22] お客様：それは素晴らしいですね！ご対応ありがとうございました。
[12:22] 担当者：どういたしまして！今後、他にご質問がございましたら、お気軽にお問い合わせください。
[12:23] お客様：ありがとうございました！",2025-08-12
fd67e2b1-9305-408a-9412-14a264ad0747,サイクロン ヘルメットに関するカスタマーサポートとのチャット,サイクロン ヘルメット,"[09:15] お客様：こんにちは！最近サイクロン ヘルメットを購入したのですが、それについて簡単な質問があります。
[09:15] サポート担当者：こんにちは。SnowAttireにお問い合わせいただきありがとうございます。サイクロン ヘルメットに関するご質問に喜んでお答えします。何をお知りになりたいですか？
[09:16] お客様：表面に小さな傷があることに気づきました。これは普通ですか？
[09:16] サポート担当者：ヘルメットに傷が見つかったとのこと、申し訳ございません。サイクロン ヘルメットは完璧な状態で到着するべきなので、傷があるのは通常ではありません。
[09:17] お客様：そう思っていました。一般的ではないことを確認したかっただけです。
[09:17] サポート担当者：ご心配は理解できます。安全のために、装備が最高の状態であることは重要です。ご希望であれば、返品または交換手続きをお手伝いできます。
[09:18] お客様：はい、新しいものに交換したいです。
[09:18] サポート担当者：承知しました。お手伝いさせていただきます。注文番号を教えていただけますか？
[09:19] お客様：はい、828456です。
[09:19] サポート担当者：ありがとうございます！こちらで注文を確認しました。お客様のために交換を開始します。まもなく、破損したヘルメットを返品する手順が記載されたメールが届きます。
[09:20] お客様：いいですね。新しいヘルメットが届くまでどのくらいかかりますか？
[09:20] サポート担当者：返品されたヘルメットを受け取りましたら、新しいものはすぐに発送されます。通常、返品を処理した後、3～5営業日以内に到着する予定です。
[09:21] お客様：それは良いですね。ご対応ありがとうございました！
[09:21] サポート担当者：どういたしまして。その間、他にご質問がございましたら、お気軽にお問い合わせください。
[09:22] お客様：ありがとうございます！",2025-07-03
0d487359-c07b-4518-9b2e-2f17f1fc51f7,サーモジャケットプロの問題に関するチャット記録,サーモジャケットプロ,"[12:15] お客様：こんにちは、最近サーモジャケットプロを購入したのですが、縫い目に沿って裂け目があることに気づきました。製造上の欠陥のようで、本当にがっかりしています。
[12:15] 担当者：こんにちは。サーモジャケットプロでトラブルが発生しているとのこと、大変申し訳ございません。この問題について喜んでお手伝いさせていただきます。注文番号を教えていただけますか？
[12:16] お客様：はい、注文番号は987656789です。
[12:17] 担当者：情報をありがとうございます。注文詳細を確認します。裂け目がどこにあるか正確に説明していただけますか？
[12:18] お客様：裂け目は左肩の縫い目にあります。ジャケットを最初に受け取ったときにはありませんでした。
[12:19] 担当者：それは製造上の欠陥のようですね。より良いサポートのために、裂け目の写真を送っていただけますか？
[12:20] お客様：はい、できます。写真を添付させてください。
[12:22] 担当者：ありがとうございます。写真を確認しました。ご不便をおかけして申し訳ございません。お客様のご購入にご満足いただけるようにしたいと考えています。交換用のジャケットをご希望されますか、それともさらに詳しく検査してもらいたいですか？
[12:23] お客様：可能であれば交換を希望します。
[12:24] 担当者：承知しました。手配させていただきます。今すぐ交換を処理します。まもなく確認メールが届きます。他にお手伝いできることはございますか？
[12:25] お客様：いいえ、以上です。ご対応ありがとうございました！
[12:26] 担当者：どういたしまして！お役に立てて嬉しいです。他にご質問がございましたら、お気軽にお問い合わせください。良い一日を！",2025-08-14
c1eb722f-6f79-4d18-9839-e8fad9d29ef2,サイクロン ヘルメットに関するSnowAttireサポートとのチャット,サイクロン ヘルメット,"[10:00] お客様：こんにちは！先月購入したサイクロン ヘルメットについて質問があります。
[10:01] サポート：こんにちは。喜んでお手伝いさせていただきます。サイクロン ヘルメットについて何をお知りになりたいですか？
[10:02] お客様：内側のパッドが緩んできているようです。これは普通ですか？
[10:03] サポート：そのようなことがあったとのこと、申し訳ございません。パッドは緩んではいけません。最初に受け取ったときから緩かったのか、それとも数回使用した後に緩くなったのか教えていただけますか？
[10:04] お客様：数回使用した後に緩くなり始めました。
[10:05] サポート：情報をありがとうございます。製造上の欠陥のようです。ヘルメットの返品または交換を開始されたいですか？
[10:06] お客様：はい、可能であれば交換を希望します。
[10:07] サポート：承知しました！お手伝いさせていただきます。注文番号を教えていただけますか？
[10:08] お客様：はい、627456です。
[10:09] サポート：ありがとうございます。交換を処理します。新しいサイクロン ヘルメットをお送りし、不良品の返品ラベルが届きます。
[10:10] お客様：いいですね。交換にはどのくらいかかりますか？
[10:11] サポート：新しいヘルメットは2～3営業日以内に発送され、その後すぐに届くはずです。返品ラベルは1時間以内にメールで送信されます。
[10:12] お客様：ご対応ありがとうございました。
[10:13] サポート：どういたしまして。他にご質問がございましたら、お気軽にお問い合わせください。
[10:14] お客様：ありがとうございました！",2025-07-13